{
  "oldParams": true,
  "wave_type": 3,
  "p_env_attack": -0.14754567270723257,
  "p_env_sustain": 0.45247091822104385,
  "p_env_punch": 0.629505573941659,
  "p_env_decay": 0.7420699916064804,
  "p_base_freq": 0.722657841650351,
  "p_freq_limit": 0,
  "p_freq_ramp": 0.00014130851777971324,
  "p_freq_dramp": 0.004899897811701355,
  "p_vib_strength": -0.12804581262835765,
  "p_vib_speed": -0.20094466293993762,
  "p_arp_mod": -0.20526119936425746,
  "p_arp_speed": -0.8153593832314838,
  "p_duty": -0.5971511205342175,
  "p_duty_ramp": 0.40099112670560744,
  "p_repeat_speed": 0.6165018267941298,
  "p_pha_offset": 0.18501999010298875,
  "p_pha_ramp": -0.3872737203024439,
  "p_lpf_freq": 0.8164652048470948,
  "p_lpf_ramp": 0.43869177937555137,
  "p_lpf_resonance": -0.9906311465073381,
  "p_hpf_freq": 0.5387767692885106,
  "p_hpf_ramp": 0.11116615711199081,
  "sound_vol": 0.25,
  "sample_rate": 22050,
  "sample_size": 8
}