{
  "oldParams": true,
  "wave_type": 0,
  "p_env_attack": 0.7054022440405665,
  "p_env_sustain": 0.8035440449888306,
  "p_env_punch": 0.008747604393218424,
  "p_env_decay": 0.9054366648453904,
  "p_base_freq": 0.15722344838766145,
  "p_freq_limit": 0,
  "p_freq_ramp": 0.07406246368651219,
  "p_freq_dramp": 0.013354622767251563,
  "p_vib_strength": -0.01756147422868951,
  "p_vib_speed": 0.4679690105685499,
  "p_arp_mod": 0.261821843674225,
  "p_arp_speed": 0.9270653322694975,
  "p_duty": 0.34132087744455464,
  "p_duty_ramp": 0.0023512759961039553,
  "p_repeat_speed": 0.7737759470061889,
  "p_pha_offset": -0.001681526694650287,
  "p_pha_ramp": -0.5377256457969616,
  "p_lpf_freq": 0.9894029859488025,
  "p_lpf_ramp": -0.17872842205413988,
  "p_lpf_resonance": 0.5800410857152587,
  "p_hpf_freq": 0.04699301984287502,
  "p_hpf_ramp": -0.009478974374614925,
  "sound_vol": 0.25,
  "sample_rate": 22050,
  "sample_size": 8
}