{
  "oldParams": true,
  "wave_type": 3,
  "p_env_attack": -0.0037223274148964697,
  "p_env_sustain": 0.8932040595002485,
  "p_env_punch": 0.009106579840046525,
  "p_env_decay": -0.5510457557688744,
  "p_base_freq": 0.5022764195112511,
  "p_freq_limit": 0,
  "p_freq_ramp": -0.5835505419755843,
  "p_freq_dramp": -0.006031221843422179,
  "p_vib_strength": 0.011080170519424818,
  "p_vib_speed": 0.7384328305181718,
  "p_arp_mod": 0.854095907623817,
  "p_arp_speed": -0.36590993617523915,
  "p_duty": 0.4163241178842232,
  "p_duty_ramp": 0.11238469291536625,
  "p_repeat_speed": -0.5068663611842321,
  "p_pha_offset": -0.6954100535658929,
  "p_pha_ramp": 0.5483789779533795,
  "p_lpf_freq": 0.7733119860043897,
  "p_lpf_ramp": -0.004879478086841954,
  "p_lpf_resonance": 0.41048634588819044,
  "p_hpf_freq": 5.364508943279963e-7,
  "p_hpf_ramp": 0.9577358517836463,
  "sound_vol": 0.25,
  "sample_rate": 22050,
  "sample_size": 8
}