{
  "oldParams": true,
  "wave_type": 3,
  "p_env_attack": -0.26919896963252055,
  "p_env_sustain": 0.5714695795461946,
  "p_env_punch": 0.1327033927372073,
  "p_env_decay": -0.06838132174770617,
  "p_base_freq": 0.15431411972116896,
  "p_freq_limit": 0,
  "p_freq_ramp": 0.8447831564746938,
  "p_freq_dramp": -0.00010278220685726625,
  "p_vib_strength": -0.38431378394026494,
  "p_vib_speed": 0.8616315198800666,
  "p_arp_mod": 0.613169869752775,
  "p_arp_speed": 0.04823185827388765,
  "p_duty": -0.12372916149331936,
  "p_duty_ramp": 0.044018934097916705,
  "p_repeat_speed": -0.5756763240617211,
  "p_pha_offset": -0.36909682913613173,
  "p_pha_ramp": -0.12823572797793023,
  "p_lpf_freq": 0.6688045184830806,
  "p_lpf_ramp": -0.2440726394827621,
  "p_lpf_resonance": 0.22801851956601515,
  "p_hpf_freq": 0.00035025598605560506,
  "p_hpf_ramp": -0.6301058142821803,
  "sound_vol": 0.25,
  "sample_rate": 22050,
  "sample_size": 8
}