{
  "oldParams": true,
  "wave_type": 3,
  "p_env_attack": -0.05919313442100349,
  "p_env_sustain": 0.15191564084644746,
  "p_env_punch": 0.01913574297166597,
  "p_env_decay": 0.31304771914843776,
  "p_base_freq": 0.05588493251576098,
  "p_freq_limit": 0,
  "p_freq_ramp": 0.14295630289789818,
  "p_freq_dramp": -0.03232824046989218,
  "p_vib_strength": 0.5566235648246064,
  "p_vib_speed": 0.5426714057474238,
  "p_arp_mod": -0.9212394568704343,
  "p_arp_speed": 0.8496039712669659,
  "p_duty": -0.20361095542668695,
  "p_duty_ramp": -0.6803695167424858,
  "p_repeat_speed": -0.6028238989587267,
  "p_pha_offset": 0.2939769056876294,
  "p_pha_ramp": -0.30808145239126,
  "p_lpf_freq": 0.7903727833102088,
  "p_lpf_ramp": 0.5602265618298904,
  "p_lpf_resonance": 0.14717219542039262,
  "p_hpf_freq": 0.00007021478246674468,
  "p_hpf_ramp": 0.5970558171379328,
  "sound_vol": 0.25,
  "sample_rate": 22050,
  "sample_size": 8
}