{
  "oldParams": true,
  "wave_type": 3,
  "p_env_attack": 0.1204776240745294,
  "p_env_sustain": 0.12812761652700658,
  "p_env_punch": 0.3023071334911639,
  "p_env_decay": 0.34721554948367883,
  "p_base_freq": 1.0635635125092788,
  "p_freq_limit": 0,
  "p_freq_ramp": -0.0000017670129154441495,
  "p_freq_dramp": -0.008974982277409496,
  "p_vib_strength": 0.0944843616466782,
  "p_vib_speed": -0.4668523531530866,
  "p_arp_mod": 0.17474257748860578,
  "p_arp_speed": -0.023511805487228976,
  "p_duty": -0.9372908174951258,
  "p_duty_ramp": 0.4647973387389349,
  "p_repeat_speed": -0.39857708590997953,
  "p_pha_offset": -0.06887571274906425,
  "p_pha_ramp": 0.002006382846507486,
  "p_lpf_freq": 0.46153434724407016,
  "p_lpf_ramp": 0.9715886695289249,
  "p_lpf_resonance": 0.09260100923816728,
  "p_hpf_freq": 0.09855717844841125,
  "p_hpf_ramp": 0.00000417134528990664,
  "sound_vol": 0.25,
  "sample_rate": 22050,
  "sample_size": 8
}