{
  "oldParams": true,
  "wave_type": 3,
  "p_env_attack": -7.302633287269762e-8,
  "p_env_sustain": 0.9292853830673715,
  "p_env_punch": 0.04327328908095325,
  "p_env_decay": -0.44369095790323665,
  "p_base_freq": 0.149139233862486,
  "p_freq_limit": 0,
  "p_freq_ramp": 0.6627775603424301,
  "p_freq_dramp": 0.35357081829792586,
  "p_vib_strength": 0.010825233689815309,
  "p_vib_speed": -0.047666104057709324,
  "p_arp_mod": 0.7050553530368622,
  "p_arp_speed": 0.21891013977912932,
  "p_duty": 0.8353185805507728,
  "p_duty_ramp": 0.007198329079025458,
  "p_repeat_speed": 0.4667534931607198,
  "p_pha_offset": -0.27049554084637106,
  "p_pha_ramp": 0.1245161971949941,
  "p_lpf_freq": 0.9828575379408961,
  "p_lpf_ramp": -0.06531870510409163,
  "p_lpf_resonance": 0.22473713035334053,
  "p_hpf_freq": 0.00170686577353505,
  "p_hpf_ramp": -0.3063134109584903,
  "sound_vol": 0.25,
  "sample_rate": 22050,
  "sample_size": 8
}