{
  "oldParams": true,
  "wave_type": 3,
  "p_env_attack": -0.09088490734219928,
  "p_env_sustain": 0.18033232446771053,
  "p_env_punch": 0.5801682106372679,
  "p_env_decay": 0.24894729960294132,
  "p_base_freq": 0.8220371110767764,
  "p_freq_limit": 0,
  "p_freq_ramp": -0.5111765921695083,
  "p_freq_dramp": -0.09814782544801023,
  "p_vib_strength": 0.04497598904950957,
  "p_vib_speed": 0.40853424751213296,
  "p_arp_mod": 0.5750144420102515,
  "p_arp_speed": 0.894020380107805,
  "p_duty": -0.15692484839023504,
  "p_duty_ramp": 0.1775905526362041,
  "p_repeat_speed": 0.13742021857771644,
  "p_pha_offset": -0.17209008653751492,
  "p_pha_ramp": 0.017972803618379395,
  "p_lpf_freq": 1.1183082024247215,
  "p_lpf_ramp": 0.04606456885089881,
  "p_lpf_resonance": -0.029955772359336066,
  "p_hpf_freq": 0.9597775498501999,
  "p_hpf_ramp": -0.059067972864679685,
  "sound_vol": 0.25,
  "sample_rate": 22050,
  "sample_size": 8,
  "p_vib_delay": null
}