{
  "oldParams": true,
  "wave_type": 2,
  "p_env_attack": -0.02284027118803632,
  "p_env_sustain": 0.837841170381153,
  "p_env_punch": 0.04890967299327438,
  "p_env_decay": -0.27039608340992727,
  "p_base_freq": 0.42996407111971174,
  "p_freq_limit": 0,
  "p_freq_ramp": -0.015105423294100492,
  "p_freq_dramp": -0.18591306880801042,
  "p_vib_strength": -0.07190675399978823,
  "p_vib_speed": -0.06794410487938407,
  "p_arp_mod": 0.9925760011683127,
  "p_arp_speed": 0.5390237290120412,
  "p_duty": -0.7388217781453417,
  "p_duty_ramp": -0.8122977252600933,
  "p_repeat_speed": 0.40057447127064205,
  "p_pha_offset": 0.8369302254135284,
  "p_pha_ramp": -0.042333268751450735,
  "p_lpf_freq": 0.4628822061801203,
  "p_lpf_ramp": -0.14715611196333392,
  "p_lpf_resonance": 0.21305989545120485,
  "p_hpf_freq": 0.7330907918107072,
  "p_hpf_ramp": -0.2749834680074332,
  "sound_vol": 0.25,
  "sample_rate": 22050,
  "sample_size": 8
}